userId,movieId,rating
224,88,0.0
215,88,1.0
88,88,0.0
67,88,4.0
40,88,2.0
146,88,2.5
103,88,1.5
100,88,4.0
195,88,0.5
143,88,2.5
239,88,2.5
125,88,4.0
167,88,1.5
30,88,1.0
103,88,1.5
224,46,2.5
215,46,4.5
88,46,2.5
67,46,4.5
40,46,2.0
146,46,3.5
103,46,3.0
100,46,2.0
195,46,4.5
143,46,1.5
239,46,1.5
125,46,4.0
167,46,2.0
30,46,1.5
103,46,2.5
224,139,0.5
215,139,1.0
88,139,3.5
67,139,2.5
40,139,1.0
146,139,3.5
103,139,1.0
100,139,0.0
195,139,4.5
143,139,3.0
239,139,2.5
125,139,4.5
167,139,1.0
30,139,0.0
103,139,2.5
224,91,2.5
215,91,4.5
88,91,1.0
67,91,1.0
40,91,2.5
146,91,4.5
103,91,2.5
100,91,3.0
195,91,3.0
143,91,1.0
239,91,4.5
125,91,2.5
167,91,1.0
30,91,2.0
103,91,4.5
224,32,2.0
215,32,0.0
88,32,0.5
67,32,2.0
40,32,4.0
146,32,2.0
103,32,0.0
100,32,2.5
195,32,3.5
143,32,4.5
239,32,2.5
125,32,3.5
167,32,0.5
30,32,0.0
103,32,3.5
224,177,0.0
215,177,2.0
88,177,1.0
67,177,1.0
40,177,0.0
146,177,4.0
103,177,0.5
100,177,0.0
195,177,3.0
143,177,3.0
239,177,2.5
125,177,1.5
167,177,0.5
30,177,1.0
103,177,0.0
224,242,4.0
215,242,4.5
88,242,4.0
67,242,2.0
40,242,0.0
146,242,4.0
103,242,2.5
100,242,4.5
195,242,2.0
143,242,3.5
239,242,1.0
125,242,1.0
167,242,2.0
30,242,4.0
103,242,0.0
224,134,3.0
215,134,3.5
88,134,0.5
67,134,3.0
40,134,3.0
146,134,2.0
103,134,1.5
100,134,2.0
195,134,2.0
143,134,2.0
239,134,4.5
125,134,0.0
167,134,1.5
30,134,4.0
103,134,3.0
224,227,4.5
215,227,3.0
88,227,4.0
67,227,3.5
40,227,3.0
146,227,4.0
103,227,3.0
100,227,0.0
195,227,3.5
143,227,1.0
239,227,3.5
125,227,4.0
167,227,2.0
30,227,2.0
103,227,3.0
224,40,3.5
215,40,1.0
88,40,1.0
67,40,0.5
40,40,1.5
146,40,4.0
103,40,4.5
100,40,0.5
195,40,2.0
143,40,1.5
239,40,3.5
125,40,2.0
167,40,2.5
30,40,4.0
103,40,2.5
224,168,2.0
215,168,3.5
88,168,0.0
67,168,3.5
40,168,0.0
146,168,0.5
103,168,1.0
100,168,0.5
195,168,1.0
143,168,2.0
239,168,2.0
125,168,3.5
167,168,3.5
30,168,3.5
103,168,1.0
224,92,0.0
215,92,0.0
88,92,4.0
67,92,4.0
40,92,4.0
146,92,1.5
103,92,1.5
100,92,3.0
195,92,4.0
143,92,1.0
239,92,3.5
125,92,2.0
167,92,1.5
30,92,4.5
103,92,0.5
224,34,0.5
215,34,0.0
88,34,4.5
67,34,1.5
40,34,4.0
146,34,3.0
103,34,4.0
100,34,1.5
195,34,1.0
143,34,1.0
239,34,0.5
125,34,4.0
167,34,2.0
30,34,0.0
103,34,1.5
224,14,0.0
215,14,1.5
88,14,2.0
67,14,3.5
40,14,1.5
146,14,3.0
103,14,2.5
100,14,1.0
195,14,4.5
143,14,4.0
239,14,0.0
125,14,2.0
167,14,4.0
30,14,4.5
103,14,2.5
224,211,4.0
215,211,3.5
88,211,3.0
67,211,4.5
40,211,4.5
146,211,3.0
103,211,3.5
100,211,1.5
195,211,2.5
143,211,0.5
239,211,2.0
125,211,4.5
167,211,0.5
30,211,3.0
103,211,4.0
224,133,0.0
215,133,0.0
88,133,4.0
67,133,4.5
40,133,4.5
146,133,3.5
103,133,2.5
100,133,0.0
195,133,3.5
143,133,1.0
239,133,3.0
125,133,4.0
167,133,3.5
30,133,2.5
103,133,3.0
224,133,2.0
215,133,0.0
88,133,1.5
67,133,4.5
40,133,4.0
146,133,3.5
103,133,0.5
100,133,4.0
195,133,2.0
143,133,2.5
239,133,0.5
125,133,0.0
167,133,2.0
30,133,2.0
103,133,3.5
224,113,1.0
215,113,4.5
88,113,1.0
67,113,0.5
40,113,0.0
146,113,3.0
103,113,2.0
100,113,4.0
195,113,3.5
143,113,4.0
239,113,0.5
125,113,1.5
167,113,2.5
30,113,3.0
103,113,4.5
224,56,4.0
215,56,4.5
88,56,1.5
67,56,3.0
40,56,3.0
146,56,4.0
103,56,1.5
100,56,4.0
195,56,0.5
143,56,2.5
239,56,4.0
125,56,4.0
167,56,2.5
30,56,2.0
103,56,3.5
224,83,0.0
215,83,2.5
88,83,1.5
67,83,1.5
40,83,4.5
146,83,4.5
103,83,1.0
100,83,2.5
195,83,4.0
143,83,2.5
239,83,4.0
125,83,0.0
167,83,3.0
30,83,4.5
103,83,1.0
224,56,2.5
215,56,0.0
88,56,3.5
67,56,0.5
40,56,1.0
146,56,0.5
103,56,4.5
100,56,1.5
195,56,3.0
143,56,3.5
239,56,0.5
125,56,1.0
167,56,1.5
30,56,0.5
103,56,1.5
224,153,2.0
215,153,0.0
88,153,4.0
67,153,0.0
40,153,3.0
146,153,2.0
103,153,1.5
100,153,4.5
195,153,0.0
143,153,1.0
239,153,2.0
125,153,1.5
167,153,4.5
30,153,0.0
103,153,2.0
224,51,3.0
215,51,2.5
88,51,1.5
67,51,4.5
40,51,4.0
146,51,0.5
103,51,1.0
100,51,0.0
195,51,2.5
143,51,0.5
239,51,3.5
125,51,1.5
167,51,4.5
30,51,2.0
103,51,0.0
224,61,3.0
215,61,3.5
88,61,0.0
67,61,0.0
40,61,2.5
146,61,0.0
103,61,3.0
100,61,2.5
195,61,1.0
143,61,0.0
239,61,1.0
125,61,2.0
167,61,1.5
30,61,3.5
103,61,0.5
224,13,1.0
215,13,0.5
88,13,1.5
67,13,0.5
40,13,3.5
146,13,4.5
103,13,4.0
100,13,0.5
195,13,1.0
143,13,3.0
239,13,1.5
125,13,1.0
167,13,1.5
30,13,0.5
103,13,4.0
224,32,1.0
215,32,0.5
88,32,4.0
67,32,2.0
40,32,2.5
146,32,3.0
103,32,3.5
100,32,0.0
195,32,1.0
143,32,0.0
239,32,4.0
125,32,0.5
167,32,2.0
30,32,4.0
103,32,0.5
224,122,2.5
215,122,4.5
88,122,1.5
67,122,3.0
40,122,4.0
146,122,1.5
103,122,0.5
100,122,3.5
195,122,4.0
143,122,0.5
239,122,2.5
125,122,1.5
167,122,2.5
30,122,0.5
103,122,4.0
224,75,1.5
215,75,3.5
88,75,0.0
67,75,2.0
40,75,4.0
146,75,1.0
103,75,4.0
100,75,0.5
195,75,2.0
143,75,3.0
239,75,0.0
125,75,1.0
167,75,2.5
30,75,0.0
103,75,3.5
224,25,0.5
215,25,1.0
88,25,3.0
67,25,3.0
40,25,3.0
146,25,3.5
103,25,4.0
100,25,2.0
195,25,0.5
143,25,3.0
239,25,0.0
125,25,0.0
167,25,2.5
30,25,0.0
103,25,0.5
224,156,0.0
215,156,4.0
88,156,4.0
67,156,1.0
40,156,4.0
146,156,3.5
103,156,2.0
100,156,3.5
195,156,3.0
143,156,2.0
239,156,4.0
125,156,0.5
167,156,4.5
30,156,0.5
103,156,1.0
224,240,3.0
215,240,1.5
88,240,1.0
67,240,4.5
40,240,0.0
146,240,0.5
103,240,1.0
100,240,2.5
195,240,0.5
143,240,0.5
239,240,1.5
125,240,2.0
167,240,0.5
30,240,0.0
103,240,3.5
224,79,2.5
215,79,2.0
88,79,4.5
67,79,4.5
40,79,0.0
146,79,1.5
103,79,2.0
100,79,2.0
195,79,0.5
143,79,3.0
239,79,2.5
125,79,2.0
167,79,2.0
30,79,0.0
103,79,2.0
224,151,3.0
215,151,1.0
88,151,2.0
67,151,4.0
40,151,4.0
146,151,4.5
103,151,0.5
100,151,2.5
195,151,3.5
143,151,3.0
239,151,4.0
125,151,2.0
167,151,3.0
30,151,0.0
103,151,3.0
224,162,4.5
215,162,1.0
88,162,2.5
67,162,4.0
40,162,1.0
146,162,3.0
103,162,0.5
100,162,3.5
195,162,1.5
143,162,3.0
239,162,4.5
125,162,4.5
167,162,1.5
30,162,0.5
103,162,3.5
224,139,2.0
215,139,4.5
88,139,3.0
67,139,2.5
40,139,1.5
146,139,1.0
103,139,3.0
100,139,0.0
195,139,0.5
143,139,2.0
239,139,4.5
125,139,2.0
167,139,3.5
30,139,0.5
103,139,2.0
224,30,2.0
215,30,3.0
88,30,0.0
67,30,2.0
40,30,1.5
146,30,3.0
103,30,3.0
100,30,3.5
195,30,1.0
143,30,4.0
239,30,1.5
125,30,0.0
167,30,3.5
30,30,3.5
103,30,0.0
224,59,2.0
215,59,3.5
88,59,0.0
67,59,3.0
40,59,4.0
146,59,0.5
103,59,1.0
100,59,3.5
195,59,2.0
143,59,2.5
239,59,0.0
125,59,1.5
167,59,3.0
30,59,4.5
103,59,3.5
224,170,0.0
215,170,3.5
88,170,0.5
67,170,3.5
40,170,2.5
146,170,1.0
103,170,1.0
100,170,4.0
195,170,1.0
143,170,3.0
239,170,2.0
125,170,4.5
167,170,1.5
30,170,4.0
103,170,2.5
224,34,3.0
215,34,2.5
88,34,4.0
67,34,2.0
40,34,1.5
146,34,4.0
103,34,1.0
100,34,1.0
195,34,3.5
143,34,4.0
239,34,3.0
125,34,1.5
167,34,1.5
30,34,0.0
103,34,4.5
224,112,2.0
215,112,4.0
88,112,0.5
67,112,0.5
40,112,1.5
146,112,4.5
103,112,0.0
100,112,0.0
195,112,4.0
143,112,1.0
239,112,2.0
125,112,3.0
167,112,2.0
30,112,3.0
103,112,2.5
224,6,1.5
215,6,1.5
88,6,4.5
67,6,3.5
40,6,2.0
146,6,4.5
103,6,3.5
100,6,4.0
195,6,4.5
143,6,4.0
239,6,4.0
125,6,3.0
167,6,1.5
30,6,1.5
103,6,4.0
224,42,4.5
215,42,0.5
88,42,1.0
67,42,1.5
40,42,2.5
146,42,0.5
103,42,4.0
100,42,0.0
195,42,1.0
143,42,4.0
239,42,4.0
125,42,4.0
167,42,4.0
30,42,3.0
103,42,1.0
224,150,4.5
215,150,4.5
88,150,0.0
67,150,3.5
40,150,4.0
146,150,4.5
103,150,4.0
100,150,3.5
195,150,4.5
143,150,4.5
239,150,4.5
125,150,4.5
167,150,4.0
30,150,0.5
103,150,2.0
224,182,1.0
215,182,0.5
88,182,1.5
67,182,3.0
40,182,0.5
146,182,2.5
103,182,3.0
100,182,2.0
195,182,1.0
143,182,4.5
239,182,1.5
125,182,0.5
167,182,4.0
30,182,3.5
103,182,2.5
224,2,2.0
215,2,0.0
88,2,3.0
67,2,1.0
40,2,2.0
146,2,0.5
103,2,4.0
100,2,0.5
195,2,2.5
143,2,4.5
239,2,1.0
125,2,3.5
167,2,3.0
30,2,1.0
103,2,2.0
224,155,0.0
215,155,2.0
88,155,1.5
67,155,0.5
40,155,0.0
146,155,0.5
103,155,1.0
100,155,2.0
195,155,4.5
143,155,4.0
239,155,4.0
125,155,4.0
167,155,0.5
30,155,3.0
103,155,0.0
224,118,2.0
215,118,1.5
88,118,2.0
67,118,2.0
40,118,3.5
146,118,3.5
103,118,3.5
100,118,2.0
195,118,2.5
143,118,1.5
239,118,2.0
125,118,3.0
167,118,0.0
30,118,2.0
103,118,1.0
224,216,3.5
215,216,1.5
88,216,4.5
67,216,2.5
40,216,1.0
146,216,0.5
103,216,0.5
100,216,1.0
195,216,0.0
143,216,4.0
239,216,4.0
125,216,0.5
167,216,2.0
30,216,3.5
103,216,3.0
224,87,3.5
215,87,0.5
88,87,1.5
67,87,1.0
40,87,2.5
146,87,3.5
103,87,0.5
100,87,4.5
195,87,4.0
143,87,0.5
239,87,2.5
125,87,2.0
167,87,4.0
30,87,3.5
103,87,1.5
224,89,4.5
215,89,0.5
88,89,2.0
67,89,2.5
40,89,2.5
146,89,2.5
103,89,3.5
100,89,2.0
195,89,4.0
143,89,2.5
239,89,0.5
125,89,0.5
167,89,2.0
30,89,1.5
103,89,0.5
224,11,4.0
215,11,1.5
88,11,4.0
67,11,4.0
40,11,1.0
146,11,1.5
103,11,0.5
100,11,3.5
195,11,4.0
143,11,2.0
239,11,4.5
125,11,2.5
167,11,4.5
30,11,1.5
103,11,0.0
224,128,2.0
215,128,1.5
88,128,3.0
67,128,4.5
40,128,3.0
146,128,4.5
103,128,4.5
100,128,3.5
195,128,2.0
143,128,4.5
239,128,2.5
125,128,4.5
167,128,2.5
30,128,3.0
103,128,4.0
224,78,3.5
215,78,4.5
88,78,0.0
67,78,1.0
40,78,2.5
146,78,2.0
103,78,0.0
100,78,0.5
195,78,1.5
143,78,2.0
239,78,3.5
125,78,4.0
167,78,2.5
30,78,3.0
103,78,0.0
224,193,4.0
215,193,0.5
88,193,2.5
67,193,1.0
40,193,2.5
146,193,3.0
103,193,2.5
100,193,3.5
195,193,0.0
143,193,1.5
239,193,3.5
125,193,1.0
167,193,2.5
30,193,4.5
103,193,1.5
224,100,4.5
215,100,1.5
88,100,0.5
67,100,3.5
40,100,2.0
146,100,4.0
103,100,0.0
100,100,1.5
195,100,2.5
143,100,1.5
239,100,4.0
125,100,4.0
167,100,4.5
30,100,4.5
103,100,3.5
224,17,0.5
215,17,1.0
88,17,3.5
67,17,4.0
40,17,1.0
146,17,4.0
103,17,0.0
100,17,0.0
195,17,1.0
143,17,1.0
239,17,3.0
125,17,0.0
167,17,4.5
30,17,1.5
103,17,2.5
224,89,0.0
215,89,3.5
88,89,3.0
67,89,4.5
40,89,3.0
146,89,0.0
103,89,4.0
100,89,0.0
195,89,3.5
143,89,0.0
239,89,2.0
125,89,3.5
167,89,2.0
30,89,3.5
103,89,2.0
224,5,3.5
215,5,3.5
88,5,4.5
67,5,2.0
40,5,4.0
146,5,4.0
103,5,1.0
100,5,4.5
195,5,3.5
143,5,4.0
239,5,2.0
125,5,0.0
167,5,3.5
30,5,2.5
103,5,4.0
224,61,0.0
215,61,3.0
88,61,3.0
67,61,4.0
40,61,0.0
146,61,3.0
103,61,2.5
100,61,4.0
195,61,4.5
143,61,1.0
239,61,2.0
125,61,3.0
167,61,4.0
30,61,2.0
103,61,3.0
224,143,0.0
215,143,1.0
88,143,1.0
67,143,0.5
40,143,0.0
146,143,3.0
103,143,0.5
100,143,2.0
195,143,4.5
143,143,2.5
239,143,4.5
125,143,1.0
167,143,1.0
30,143,3.0
103,143,2.5
224,216,0.5
215,216,4.5
88,216,3.0
67,216,0.5
40,216,0.5
146,216,3.0
103,216,3.0
100,216,4.5
195,216,1.0
143,216,2.0
239,216,1.5
125,216,3.0
167,216,4.5
30,216,3.5
103,216,3.0
224,60,3.0
215,60,2.5
88,60,2.5
67,60,0.5
40,60,3.5
146,60,3.0
103,60,2.0
100,60,4.0
195,60,0.0
143,60,4.5
239,60,1.5
125,60,0.0
167,60,3.5
30,60,2.5
103,60,0.5
224,26,2.0
215,26,3.0
88,26,1.5
67,26,4.5
40,26,4.0
146,26,2.0
103,26,0.0
100,26,0.5
195,26,1.0
143,26,2.0
239,26,4.5
125,26,1.5
167,26,3.0
30,26,4.5
103,26,3.5
224,218,3.5
215,218,4.0
88,218,3.0
67,218,0.5
40,218,0.0
146,218,3.5
103,218,3.5
100,218,0.0
195,218,4.5
143,218,2.5
239,218,1.5
125,218,1.5
167,218,3.0
30,218,3.5
103,218,3.5
224,144,0.0
215,144,4.5
88,144,1.5
67,144,1.5
40,144,2.0
146,144,3.0
103,144,1.0
100,144,0.0
195,144,0.5
143,144,0.5
239,144,3.0
125,144,1.0
167,144,3.5
30,144,0.5
103,144,0.0
224,39,0.0
215,39,0.0
88,39,4.0
67,39,1.0
40,39,3.5
146,39,4.5
103,39,0.5
100,39,2.0
195,39,4.0
143,39,4.5
239,39,3.0
125,39,0.0
167,39,4.0
30,39,2.0
103,39,4.0
224,244,2.0
215,244,3.0
88,244,0.0
67,244,2.5
40,244,0.0
146,244,3.0
103,244,2.0
100,244,4.0
195,244,4.5
143,244,0.0
239,244,4.5
125,244,3.5
167,244,1.0
30,244,4.5
103,244,3.5
224,140,3.5
215,140,3.0
88,140,1.0
67,140,1.0
40,140,3.5
146,140,2.0
103,140,2.5
100,140,3.5
195,140,2.0
143,140,3.5
239,140,0.0
125,140,3.5
167,140,2.5
30,140,4.0
103,140,4.0
224,43,1.0
215,43,1.5
88,43,1.0
67,43,1.5
40,43,2.0
146,43,4.5
103,43,1.5
100,43,0.0
195,43,1.0
143,43,4.5
239,43,4.5
125,43,0.0
167,43,0.5
30,43,2.5
103,43,1.5
224,218,0.0
215,218,3.0
88,218,1.0
67,218,0.0
40,218,1.0
146,218,4.5
103,218,0.5
100,218,1.0
195,218,0.0
143,218,1.5
239,218,3.0
125,218,4.0
167,218,3.5
30,218,4.5
103,218,0.0
224,213,4.5
215,213,0.0
88,213,3.5
67,213,1.5
40,213,3.5
146,213,3.0
103,213,2.0
100,213,1.0
195,213,0.0
143,213,1.0
239,213,4.5
125,213,1.0
167,213,0.5
30,213,3.0
103,213,3.0
224,243,4.5
215,243,0.0
88,243,3.0
67,243,1.5
40,243,0.5
146,243,1.0
103,243,0.0
100,243,4.0
195,243,2.5
143,243,0.0
239,243,1.0
125,243,3.5
167,243,4.0
30,243,4.5
103,243,1.0
224,21,4.0
215,21,4.5
88,21,2.0
67,21,4.5
40,21,3.0
146,21,3.5
103,21,3.5
100,21,0.5
195,21,1.5
143,21,2.0
239,21,1.5
125,21,3.5
167,21,3.0
30,21,3.5
103,21,4.5
224,31,0.5
215,31,1.0
88,31,3.5
67,31,2.0
40,31,3.5
146,31,4.5
103,31,0.0
100,31,0.5
195,31,4.0
143,31,0.0
239,31,1.5
125,31,3.5
167,31,2.0
30,31,0.0
103,31,0.5
224,232,1.0
215,232,3.5
88,232,3.5
67,232,0.5
40,232,2.0
146,232,1.0
103,232,2.5
100,232,3.5
195,232,0.5
143,232,0.0
239,232,1.0
125,232,4.5
167,232,2.0
30,232,2.5
103,232,1.0
224,27,0.5
215,27,1.0
88,27,1.5
67,27,0.5
40,27,4.5
146,27,1.0
103,27,1.5
100,27,4.5
195,27,0.0
143,27,1.0
239,27,4.0
125,27,3.0
167,27,0.0
30,27,1.0
103,27,0.0
224,90,0.5
215,90,4.0
88,90,4.5
67,90,4.5
40,90,4.0
146,90,2.5
103,90,4.5
100,90,1.0
195,90,2.0
143,90,2.0
239,90,3.0
125,90,3.5
167,90,3.0
30,90,0.5
103,90,1.5
224,209,0.5
215,209,3.5
88,209,2.0
67,209,4.0
40,209,4.5
146,209,2.5
103,209,4.0
100,209,4.5
195,209,4.5
143,209,3.5
239,209,1.0
125,209,0.5
167,209,4.5
30,209,4.5
103,209,3.0
224,42,1.0
215,42,3.5
88,42,4.5
67,42,4.0
40,42,3.5
146,42,3.5
103,42,2.0
100,42,1.5
195,42,2.5
143,42,4.5
239,42,1.0
125,42,0.0
167,42,4.5
30,42,4.0
103,42,3.0
224,245,4.0
215,245,0.0
88,245,3.5
67,245,1.5
40,245,1.5
146,245,0.0
103,245,3.5
100,245,0.5
195,245,4.5
143,245,1.5
239,245,3.0
125,245,4.5
167,245,1.0
30,245,1.5
103,245,1.0
224,204,3.5
215,204,3.0
88,204,4.5
67,204,0.0
40,204,0.0
146,204,3.0
103,204,3.0
100,204,0.0
195,204,4.5
143,204,4.0
239,204,3.0
125,204,1.0
167,204,2.0
30,204,4.0
103,204,1.5
224,214,3.0
215,214,2.5
88,214,1.0
67,214,4.0
40,214,2.5
146,214,1.5
103,214,3.0
100,214,1.0
195,214,4.5
143,214,3.0
239,214,2.0
125,214,0.5
167,214,1.5
30,214,2.5
103,214,4.0
224,142,0.0
215,142,3.0
88,142,2.0
67,142,0.5
40,142,3.5
146,142,4.5
103,142,3.5
100,142,1.0
195,142,3.5
143,142,0.5
239,142,3.5
125,142,4.5
167,142,0.5
30,142,2.0
103,142,4.5
224,25,2.5
215,25,4.0
88,25,3.5
67,25,4.0
40,25,4.0
146,25,1.5
103,25,3.0
100,25,4.0
195,25,4.5
143,25,0.0
239,25,1.0
125,25,4.0
167,25,0.0
30,25,3.0
103,25,1.5
224,227,0.0
215,227,0.0
88,227,2.0
67,227,0.0
40,227,2.5
146,227,0.5
103,227,0.5
100,227,4.0
195,227,4.0
143,227,3.5
239,227,2.5
125,227,1.0
167,227,3.5
30,227,3.0
103,227,2.5
224,235,3.0
215,235,3.5
88,235,3.0
67,235,0.0
40,235,0.5
146,235,2.0
103,235,0.0
100,235,2.5
195,235,1.0
143,235,4.5
239,235,1.0
125,235,3.0
167,235,1.5
30,235,1.5
103,235,1.0
224,153,2.0
215,153,1.0
88,153,2.0
67,153,0.5
40,153,1.5
146,153,1.0
103,153,2.5
100,153,3.5
195,153,1.0
143,153,4.0
239,153,1.5
125,153,3.5
167,153,0.5
30,153,3.5
103,153,0.0
224,124,3.5
215,124,2.5
88,124,3.0
67,124,4.5
40,124,2.0
146,124,4.5
103,124,1.5
100,124,2.5
195,124,4.0
143,124,3.5
239,124,3.0
125,124,1.5
167,124,0.0
30,124,4.5
103,124,3.0
224,112,0.0
215,112,2.0
88,112,0.5
67,112,0.5
40,112,0.5
146,112,4.5
103,112,2.5
100,112,1.5
195,112,4.5
143,112,2.5
239,112,4.0
125,112,3.5
167,112,2.0
30,112,2.0
103,112,0.5
224,94,3.0
215,94,4.5
88,94,0.5
67,94,2.5
40,94,1.5
146,94,0.0
103,94,2.5
100,94,4.0
195,94,2.0
143,94,2.5
239,94,2.5
125,94,2.0
167,94,0.0
30,94,0.5
103,94,2.5
224,234,4.5
215,234,0.5
88,234,3.0
67,234,2.0
40,234,3.0
146,234,4.0
103,234,0.0
100,234,4.0
195,234,3.5
143,234,3.5
239,234,3.0
125,234,2.5
167,234,1.5
30,234,3.5
103,234,3.0
224,236,0.0
215,236,4.0
88,236,3.5
67,236,4.5
40,236,2.5
146,236,4.5
103,236,3.0
100,236,2.5
195,236,4.0
143,236,1.0
239,236,2.0
125,236,2.0
167,236,0.0
30,236,3.5
103,236,1.5
224,199,3.0
215,199,3.0
88,199,2.5
67,199,0.5
40,199,1.0
146,199,2.5
103,199,3.5
100,199,2.5
195,199,2.5
143,199,3.0
239,199,0.0
125,199,1.5
167,199,3.0
30,199,2.0
103,199,4.0
224,29,4.5
215,29,3.5
88,29,3.5
67,29,2.5
40,29,0.0
146,29,1.0
103,29,2.0
100,29,4.0
195,29,1.0
143,29,0.0
239,29,3.0
125,29,1.0
167,29,0.0
30,29,3.0
103,29,0.5
224,86,4.0
215,86,3.0
88,86,1.5
67,86,4.5
40,86,1.5
146,86,0.5
103,86,1.0
100,86,1.5
195,86,2.0
143,86,0.5
239,86,3.0
125,86,1.5
167,86,1.5
30,86,1.5
103,86,4.0
224,101,2.0
215,101,4.0
88,101,3.0
67,101,0.0
40,101,1.0
146,101,0.5
103,101,4.5
100,101,0.0
195,101,1.5
143,101,0.5
239,101,4.0
125,101,3.0
167,101,0.0
30,101,0.5
103,101,0.0
224,180,3.0
215,180,3.0
88,180,0.5
67,180,3.0
40,180,3.5
146,180,3.0
103,180,1.0
100,180,0.0
195,180,0.5
143,180,0.0
239,180,3.0
125,180,2.5
167,180,0.5
30,180,0.0
103,180,1.0
224,200,0.5
215,200,0.5
88,200,2.5
67,200,4.0
40,200,2.0
146,200,1.5
103,200,4.5
100,200,0.0
195,200,1.0
143,200,4.0
239,200,3.5
125,200,2.5
167,200,0.5
30,200,4.0
103,200,0.0
224,181,1.5
215,181,4.5
88,181,3.0
67,181,0.5
40,181,0.0
146,181,0.0
103,181,3.5
100,181,4.0
195,181,4.0
143,181,2.0
239,181,2.5
125,181,1.0
167,181,2.5
30,181,0.5
103,181,4.5
224,112,2.0
215,112,4.5
88,112,4.5
67,112,4.0
40,112,1.5
146,112,2.0
103,112,3.5
100,112,3.5
195,112,1.0
143,112,3.5
239,112,2.0
125,112,1.0
167,112,2.0
30,112,2.5
103,112,4.5
224,247,3.5
215,247,0.0
88,247,4.0
67,247,4.0
40,247,3.5
146,247,3.5
103,247,4.0
100,247,3.0
195,247,1.5
143,247,3.5
239,247,1.5
125,247,3.5
167,247,0.0
30,247,4.5
103,247,1.5
224,191,4.5
215,191,4.0
88,191,2.0
67,191,2.0
40,191,4.5
146,191,1.0
103,191,0.0
100,191,0.5
195,191,0.5
143,191,4.0
239,191,2.5
125,191,1.0
167,191,0.0
30,191,3.0
103,191,1.5
224,210,2.5
215,210,4.5
88,210,3.0
67,210,3.0
40,210,3.0
146,210,3.0
103,210,3.5
100,210,0.5
195,210,2.5
143,210,2.0
239,210,1.5
125,210,3.0
167,210,1.5
30,210,2.5
103,210,0.5
224,22,3.5
215,22,2.5
88,22,3.5
67,22,2.0
40,22,2.0
146,22,4.5
103,22,3.5
100,22,0.0
195,22,2.0
143,22,3.5
239,22,0.0
125,22,4.0
167,22,0.5
30,22,1.0
103,22,1.0
224,5,3.0
215,5,0.5
88,5,3.5
67,5,0.5
40,5,4.5
146,5,2.5
103,5,1.0
100,5,0.5
195,5,3.5
143,5,3.0
239,5,3.5
125,5,1.5
167,5,1.5
30,5,0.5
103,5,0.0
224,34,4.0
215,34,1.5
88,34,1.0
67,34,3.0
40,34,2.0
146,34,0.0
103,34,2.5
100,34,4.0
195,34,0.5
143,34,1.0
239,34,4.0
125,34,4.0
167,34,4.0
30,34,1.5
103,34,2.5
224,24,2.0
215,24,0.0
88,24,2.0
67,24,0.0
40,24,2.5
146,24,3.0
103,24,2.0
100,24,0.0
195,24,0.5
143,24,2.0
239,24,4.5
125,24,0.5
167,24,0.5
30,24,2.0
103,24,0.0
224,212,2.5
215,212,1.5
88,212,4.0
67,212,3.0
40,212,1.5
146,212,3.5
103,212,3.0
100,212,2.5
195,212,2.0
143,212,3.5
239,212,1.5
125,212,1.5
167,212,0.0
30,212,1.5
103,212,3.0
224,248,0.5
215,248,4.0
88,248,1.0
67,248,3.0
40,248,0.5
146,248,2.0
103,248,2.0
100,248,0.0
195,248,2.0
143,248,0.0
239,248,1.5
125,248,3.0
167,248,3.5
30,248,3.5
103,248,3.0
224,34,1.0
215,34,3.0
88,34,4.0
67,34,4.0
40,34,0.0
146,34,0.0
103,34,2.5
100,34,0.5
195,34,3.5
143,34,4.0
239,34,3.0
125,34,0.5
167,34,1.5
30,34,0.5
103,34,4.0
224,30,3.0
215,30,0.0
88,30,4.5
67,30,1.5
40,30,3.5
146,30,1.0
103,30,2.0
100,30,2.5
195,30,4.0
143,30,1.5
239,30,0.0
125,30,0.5
167,30,4.0
30,30,4.5
103,30,2.5
224,104,3.0
215,104,3.0
88,104,3.5
67,104,4.0
40,104,0.0
146,104,3.5
103,104,3.5
100,104,3.5
195,104,3.5
143,104,4.0
239,104,0.0
125,104,1.0
167,104,0.5
30,104,3.0
103,104,2.5
224,153,0.0
215,153,1.0
88,153,2.5
67,153,2.5
40,153,1.5
146,153,3.0
103,153,4.5
100,153,2.0
195,153,2.0
143,153,2.0
239,153,1.0
125,153,4.0
167,153,0.5
30,153,2.5
103,153,2.0
224,41,2.0
215,41,1.5
88,41,1.0
67,41,1.0
40,41,3.5
146,41,2.0
103,41,3.0
100,41,1.5
195,41,1.5
143,41,3.0
239,41,2.5
125,41,4.5
167,41,4.5
30,41,3.5
103,41,3.5
224,134,1.5
215,134,0.5
88,134,4.0
67,134,4.5
40,134,3.5
146,134,4.0
103,134,3.0
100,134,4.5
195,134,3.5
143,134,0.5
239,134,3.5
125,134,1.5
167,134,2.0
30,134,3.5
103,134,0.0
224,201,4.5
215,201,0.0
88,201,1.5
67,201,2.5
40,201,0.5
146,201,4.5
103,201,2.5
100,201,2.0
195,201,3.0
143,201,1.5
239,201,3.0
125,201,3.5
167,201,2.5
30,201,1.0
103,201,0.5
224,220,3.0
215,220,3.0
88,220,4.5
67,220,2.5
40,220,0.0
146,220,3.5
103,220,0.0
100,220,4.0
195,220,3.5
143,220,1.0
239,220,4.0
125,220,2.0
167,220,4.5
30,220,2.5
103,220,1.5
224,60,4.5
215,60,0.5
88,60,2.0
67,60,3.0
40,60,1.5
146,60,1.0
103,60,0.0
100,60,1.0
195,60,3.0
143,60,4.0
239,60,2.5
125,60,1.0
167,60,3.5
30,60,4.0
103,60,4.0
224,106,1.0
215,106,0.0
88,106,1.0
67,106,4.0
40,106,2.5
146,106,0.5
103,106,2.5
100,106,2.0
195,106,1.5
143,106,2.0
239,106,4.0
125,106,4.5
167,106,4.0
30,106,2.0
103,106,0.0
224,249,1.0
215,249,1.0
88,249,3.0
67,249,0.0
40,249,1.0
146,249,1.0
103,249,1.5
100,249,0.5
195,249,0.5
143,249,2.0
239,249,0.5
125,249,1.5
167,249,2.5
30,249,4.0
103,249,0.0
224,50,1.0
215,50,4.5
88,50,3.0
67,50,3.5
40,50,0.5
146,50,1.5
103,50,2.5
100,50,2.0
195,50,4.5
143,50,4.5
239,50,4.0
125,50,2.5
167,50,1.5
30,50,2.5
103,50,0.0
224,66,3.0
215,66,3.5
88,66,1.5
67,66,0.5
40,66,0.5
146,66,0.0
103,66,0.0
100,66,2.5
195,66,2.5
143,66,4.5
239,66,2.5
125,66,0.0
167,66,1.0
30,66,2.0
103,66,2.0
224,114,4.5
215,114,0.5
88,114,1.0
67,114,3.0
40,114,1.5
146,114,0.0
103,114,0.0
100,114,4.5
195,114,0.0
143,114,3.5
239,114,3.5
125,114,3.5
167,114,3.5
30,114,0.5
103,114,3.5
224,42,2.0
215,42,1.5
88,42,3.0
67,42,0.0
40,42,2.5
146,42,3.0
103,42,3.0
100,42,0.5
195,42,2.5
143,42,2.5
239,42,1.5
125,42,3.5
167,42,0.5
30,42,2.5
103,42,2.0
224,163,3.0
215,163,2.0
88,163,2.0
67,163,2.5
40,163,2.0
146,163,2.0
103,163,0.5
100,163,2.5
195,163,4.0
143,163,3.0
239,163,4.0
125,163,0.5
167,163,1.0
30,163,1.0
103,163,4.0
224,103,3.5
215,103,2.0
88,103,4.5
67,103,0.0
40,103,0.5
146,103,3.0
103,103,2.0
100,103,4.0
195,103,0.5
143,103,1.0
239,103,0.0
125,103,1.0
167,103,2.0
30,103,2.5
103,103,3.5
224,182,0.0
215,182,3.5
88,182,3.5
67,182,0.5
40,182,2.0
146,182,0.0
103,182,0.0
100,182,1.5
195,182,1.0
143,182,0.5
239,182,3.5
125,182,3.0
167,182,4.5
30,182,2.0
103,182,2.0
224,84,1.0
215,84,3.0
88,84,2.5
67,84,1.0
40,84,0.0
146,84,2.5
103,84,0.5
100,84,0.5
195,84,0.5
143,84,2.5
239,84,4.0
125,84,0.0
167,84,4.0
30,84,0.5
103,84,0.5
224,4,2.5
215,4,3.0
88,4,2.5
67,4,1.0
40,4,0.0
146,4,2.0
103,4,4.5
100,4,1.5
195,4,1.0
143,4,4.5
239,4,4.0
125,4,0.5
167,4,4.5
30,4,0.5
103,4,1.0
224,119,2.0
215,119,1.0
88,119,0.0
67,119,0.0
40,119,2.5
146,119,1.0
103,119,0.0
100,119,3.5
195,119,3.5
143,119,1.5
239,119,2.0
125,119,0.0
167,119,2.5
30,119,0.5
103,119,3.0
224,84,2.0
215,84,2.5
88,84,2.5
67,84,1.5
40,84,0.0
146,84,3.5
103,84,4.0
100,84,3.0
195,84,3.5
143,84,0.0
239,84,2.5
125,84,0.5
167,84,2.5
30,84,1.0
103,84,4.5
224,15,1.0
215,15,1.5
88,15,0.5
67,15,0.5
40,15,1.0
146,15,1.5
103,15,3.5
100,15,2.0
195,15,0.5
143,15,0.5
239,15,0.0
125,15,3.5
167,15,4.0
30,15,2.0
103,15,2.5
224,17,3.5
215,17,0.0
88,17,4.5
67,17,3.5
40,17,2.5
146,17,2.0
103,17,4.0
100,17,1.0
195,17,0.5
143,17,0.5
239,17,2.5
125,17,4.5
167,17,2.0
30,17,0.5
103,17,2.0
224,129,1.5
215,129,3.0
88,129,4.0
67,129,2.0
40,129,0.5
146,129,3.0
103,129,0.0
100,129,3.0
195,129,2.5
143,129,1.5
239,129,3.0
125,129,2.5
167,129,1.0
30,129,1.5
103,129,1.0
224,53,1.5
215,53,2.5
88,53,2.5
67,53,3.0
40,53,4.5
146,53,2.0
103,53,4.5
100,53,4.5
195,53,4.5
143,53,0.0
239,53,4.5
125,53,1.5
167,53,1.5
30,53,4.0
103,53,2.5
224,13,1.5
215,13,1.0
88,13,2.5
67,13,3.0
40,13,2.0
146,13,4.5
103,13,3.5
100,13,4.0
195,13,0.5
143,13,1.0
239,13,4.0
125,13,3.0
167,13,4.5
30,13,0.0
103,13,4.0
224,188,4.0
215,188,4.5
88,188,4.0
67,188,2.5
40,188,3.5
146,188,0.0
103,188,0.5
100,188,0.0
195,188,2.5
143,188,1.0
239,188,3.0
125,188,4.0
167,188,0.0
30,188,3.5
103,188,1.0
224,96,1.5
215,96,0.0
88,96,3.0
67,96,0.0
40,96,1.0
146,96,3.5
103,96,2.0
100,96,0.5
195,96,3.0
143,96,4.0
239,96,0.5
125,96,1.0
167,96,3.5
30,96,4.0
103,96,0.5
224,145,1.5
215,145,2.0
88,145,1.0
67,145,3.0
40,145,1.0
146,145,1.5
103,145,0.0
100,145,4.0
195,145,0.0
143,145,1.0
239,145,0.0
125,145,0.0
167,145,1.5
30,145,2.0
103,145,3.5
224,249,4.0
215,249,0.5
88,249,1.0
67,249,2.0
40,249,1.5
146,249,1.5
103,249,3.0
100,249,2.5
195,249,3.0
143,249,3.0
239,249,2.5
125,249,4.5
167,249,0.5
30,249,4.0
103,249,2.5
224,249,3.0
215,249,2.0
88,249,2.0
67,249,4.5
40,249,2.5
146,249,2.0
103,249,3.5
100,249,4.5
195,249,1.0
143,249,1.5
239,249,1.5
125,249,3.0
167,249,4.0
30,249,1.0
103,249,3.5
224,137,0.0
215,137,3.0
88,137,4.0
67,137,3.0
40,137,1.5
146,137,0.5
103,137,3.5
100,137,4.5
195,137,4.5
143,137,3.5
239,137,3.5
125,137,4.5
167,137,3.0
30,137,3.5
103,137,0.5
224,188,4.0
215,188,2.0
88,188,3.5
67,188,0.0
40,188,1.5
146,188,3.0
103,188,3.5
100,188,4.0
195,188,0.5
143,188,1.0
239,188,2.5
125,188,0.0
167,188,0.5
30,188,1.5
103,188,3.5
224,54,2.0
215,54,0.0
88,54,3.5
67,54,0.0
40,54,0.5
146,54,4.0
103,54,0.0
100,54,2.0
195,54,3.5
143,54,1.5
239,54,4.0
125,54,2.5
167,54,2.0
30,54,4.0
103,54,2.0
224,196,2.0
215,196,0.5
88,196,0.0
67,196,2.0
40,196,1.0
146,196,3.0
103,196,2.0
100,196,4.5
195,196,1.5
143,196,0.5
239,196,2.0
125,196,1.5
167,196,0.5
30,196,2.0
103,196,0.0
224,173,2.0
215,173,0.5
88,173,3.5
67,173,4.5
40,173,1.0
146,173,4.0
103,173,3.5
100,173,3.5
195,173,0.5
143,173,1.0
239,173,1.0
125,173,2.5
167,173,4.0
30,173,1.5
103,173,1.0
224,216,4.5
215,216,0.5
88,216,2.0
67,216,3.0
40,216,1.5
146,216,3.5
103,216,3.0
100,216,2.0
195,216,1.5
143,216,2.5
239,216,2.5
125,216,1.5
167,216,1.0
30,216,1.5
103,216,0.5
224,230,3.5
215,230,2.0
88,230,0.5
67,230,2.0
40,230,3.5
146,230,1.0
103,230,0.0
100,230,0.5
195,230,1.0
143,230,1.5
239,230,3.5
125,230,3.5
167,230,4.5
30,230,0.0
103,230,3.5
224,177,3.0
215,177,1.5
88,177,2.5
67,177,1.0
40,177,1.5
146,177,3.0
103,177,2.0
100,177,4.5
195,177,0.5
143,177,4.0
239,177,2.0
125,177,1.0
167,177,4.5
30,177,0.0
103,177,1.0
224,74,0.5
215,74,3.0
88,74,0.5
67,74,3.0
40,74,0.0
146,74,0.0
103,74,0.5
100,74,3.5
195,74,1.0
143,74,1.0
239,74,1.0
125,74,2.5
167,74,2.5
30,74,1.0
103,74,0.5
224,0,4.0
215,0,4.0
88,0,4.0
67,0,2.0
40,0,0.5
146,0,2.0
103,0,4.0
100,0,1.5
195,0,4.5
143,0,4.5
239,0,1.0
125,0,4.5
167,0,3.5
30,0,4.0
103,0,4.0
224,8,0.0
215,8,4.5
88,8,2.5
67,8,3.0
40,8,1.0
146,8,1.5
103,8,0.5
100,8,0.0
195,8,3.5
143,8,0.5
239,8,1.0
125,8,1.5
167,8,3.0
30,8,4.0
103,8,2.0
224,230,2.5
215,230,4.0
88,230,3.0
67,230,3.5
40,230,4.5
146,230,2.5
103,230,4.0
100,230,4.5
195,230,0.0
143,230,0.5
239,230,2.5
125,230,4.0
167,230,0.0
30,230,1.5
103,230,4.0
224,177,4.5
215,177,4.5
88,177,2.0
67,177,2.5
40,177,3.5
146,177,4.5
103,177,4.5
100,177,0.0
195,177,4.0
143,177,0.0
239,177,2.5
125,177,2.0
167,177,1.0
30,177,0.0
103,177,0.0
224,103,0.0
215,103,1.5
88,103,3.5
67,103,4.0
40,103,3.0
146,103,4.0
103,103,1.0
100,103,3.5
195,103,3.0
143,103,4.5
239,103,1.5
125,103,0.0
167,103,2.5
30,103,4.5
103,103,4.5
224,7,0.0
215,7,2.5
88,7,4.0
67,7,0.5
40,7,0.0
146,7,3.5
103,7,2.0
100,7,1.5
195,7,4.5
143,7,3.5
239,7,1.0
125,7,1.0
167,7,3.0
30,7,0.0
103,7,4.0
224,4,4.5
215,4,2.5
88,4,1.0
67,4,1.5
40,4,3.5
146,4,2.0
103,4,4.0
100,4,4.5
195,4,2.0
143,4,3.0
239,4,4.5
125,4,0.5
167,4,3.5
30,4,4.5
103,4,4.5
224,15,3.0
215,15,0.0
88,15,3.0
67,15,1.0
40,15,4.0
146,15,2.5
103,15,0.5
100,15,4.5
195,15,3.0
143,15,1.0
239,15,1.0
125,15,3.5
167,15,0.5
30,15,0.5
103,15,3.5
224,56,0.5
215,56,3.0
88,56,1.0
67,56,0.5
40,56,2.0
146,56,2.5
103,56,2.5
100,56,1.5
195,56,3.0
143,56,4.0
239,56,0.5
125,56,1.0
167,56,1.5
30,56,1.0
103,56,0.0
224,39,0.5
215,39,1.5
88,39,3.5
67,39,0.5
40,39,2.0
146,39,0.0
103,39,1.0
100,39,2.0
195,39,4.0
143,39,0.0
239,39,4.0
125,39,1.5
167,39,0.5
30,39,0.5
103,39,1.0
224,219,1.5
215,219,3.5
88,219,0.0
67,219,0.0
40,219,3.0
146,219,0.0
103,219,1.5
100,219,2.5
195,219,3.0
143,219,1.5
239,219,3.5
125,219,0.5
167,219,0.0
30,219,4.5
103,219,2.5
224,239,1.0
215,239,3.5
88,239,3.0
67,239,2.5
40,239,2.5
146,239,1.0
103,239,1.5
100,239,3.5
195,239,0.5
143,239,0.5
239,239,2.5
125,239,1.5
167,239,1.5
30,239,1.5
103,239,1.5
224,204,0.0
215,204,3.5
88,204,3.5
67,204,2.0
40,204,2.5
146,204,0.0
103,204,4.0
100,204,3.0
195,204,0.5
143,204,3.0
239,204,3.0
125,204,1.0
167,204,1.5
30,204,3.5
103,204,4.0
224,27,1.5
215,27,2.5
88,27,3.0
67,27,1.5
40,27,4.5
146,27,4.5
103,27,4.5
100,27,4.5
195,27,1.0
143,27,0.5
239,27,4.0
125,27,3.0
167,27,4.0
30,27,4.0
103,27,3.0
224,154,3.0
215,154,2.5
88,154,0.0
67,154,1.5
40,154,4.5
146,154,4.5
103,154,2.5
100,154,2.0
195,154,3.5
143,154,4.0
239,154,4.5
125,154,3.0
167,154,1.0
30,154,2.5
103,154,2.5
224,247,4.0
215,247,3.5
88,247,1.0
67,247,0.5
40,247,2.0
146,247,4.0
103,247,3.0
100,247,4.0
195,247,2.0
143,247,2.5
239,247,1.0
125,247,2.5
167,247,4.0
30,247,0.5
103,247,2.5
224,31,4.5
215,31,3.5
88,31,0.5
67,31,3.0
40,31,0.5
146,31,1.0
103,31,4.5
100,31,1.5
195,31,2.0
143,31,1.5
239,31,0.0
125,31,3.0
167,31,3.0
30,31,0.5
103,31,4.0
224,220,3.0
215,220,1.5
88,220,0.5
67,220,3.0
40,220,4.5
146,220,4.0
103,220,1.5
100,220,2.5
195,220,1.0
143,220,2.0
239,220,4.0
125,220,3.5
167,220,2.0
30,220,3.5
103,220,3.0
224,0,4.5
215,0,3.5
88,0,0.5
67,0,4.5
40,0,2.5
146,0,2.0
103,0,1.5
100,0,2.5
195,0,3.0
143,0,3.0
239,0,3.5
125,0,0.5
167,0,3.5
30,0,2.5
103,0,3.0
224,92,3.5
215,92,0.5
88,92,1.5
67,92,3.5
40,92,3.0
146,92,3.0
103,92,0.0
100,92,0.0
195,92,4.0
143,92,4.5
239,92,0.0
125,92,0.0
167,92,2.5
30,92,3.5
103,92,2.0
224,89,4.5
215,89,1.5
88,89,0.5
67,89,0.5
40,89,0.5
146,89,2.0
103,89,2.5
100,89,1.5
195,89,4.0
143,89,4.5
239,89,4.5
125,89,4.0
167,89,0.5
30,89,1.0
103,89,2.5
224,214,1.0
215,214,1.5
88,214,2.5
67,214,4.5
40,214,1.5
146,214,3.0
103,214,1.5
100,214,4.5
195,214,2.5
143,214,1.5
239,214,1.5
125,214,4.5
167,214,2.5
30,214,3.5
103,214,4.0
224,239,3.5
215,239,1.5
88,239,0.0
67,239,1.0
40,239,1.5
146,239,0.5
103,239,4.5
100,239,2.5
195,239,4.5
143,239,3.5
239,239,3.0
125,239,0.0
167,239,2.5
30,239,2.5
103,239,0.0
224,220,3.5
215,220,0.0
88,220,0.0
67,220,1.5
40,220,1.0
146,220,1.5
103,220,0.5
100,220,2.5
195,220,4.0
143,220,3.0
239,220,2.0
125,220,4.0
167,220,2.5
30,220,1.5
103,220,2.0
224,65,3.5
215,65,1.0
88,65,1.0
67,65,3.5
40,65,3.5
146,65,4.5
103,65,3.0
100,65,4.0
195,65,0.5
143,65,4.5
239,65,4.0
125,65,4.0
167,65,3.0
30,65,1.5
103,65,3.0
224,195,3.5
215,195,4.0
88,195,0.0
67,195,2.5
40,195,4.5
146,195,3.5
103,195,2.0
100,195,4.0
195,195,1.0
143,195,1.0
239,195,4.0
125,195,0.5
167,195,1.0
30,195,1.0
103,195,0.5
224,29,0.5
215,29,4.5
88,29,0.0
67,29,4.0
40,29,0.0
146,29,0.5
103,29,3.0
100,29,3.5
195,29,3.0
143,29,1.5
239,29,1.5
125,29,4.0
167,29,4.0
30,29,0.5
103,29,3.0
224,25,0.5
215,25,0.5
88,25,2.5
67,25,2.0
40,25,2.0
146,25,2.0
103,25,0.0
100,25,3.0
195,25,3.0
143,25,4.5
239,25,0.5
125,25,3.5
167,25,1.5
30,25,1.0
103,25,2.5
224,81,3.5
215,81,1.0
88,81,1.5
67,81,1.0
40,81,2.0
146,81,0.0
103,81,3.0
100,81,1.5
195,81,4.0
143,81,1.0
239,81,0.0
125,81,2.0
167,81,2.5
30,81,4.5
103,81,3.5
224,63,3.0
215,63,2.0
88,63,0.0
67,63,3.0
40,63,4.0
146,63,4.5
103,63,1.0
100,63,2.0
195,63,3.0
143,63,3.0
239,63,2.5
125,63,1.0
167,63,0.0
30,63,2.0
103,63,3.5
224,23,0.5
215,23,0.5
88,23,4.0
67,23,3.5
40,23,0.5
146,23,0.5
103,23,1.0
100,23,2.0
195,23,2.5
143,23,0.5
239,23,1.0
125,23,3.5
167,23,4.5
30,23,2.0
103,23,1.0
224,216,3.0
215,216,1.5
88,216,3.0
67,216,3.0
40,216,3.5
146,216,3.5
103,216,3.0
100,216,2.0
195,216,2.5
143,216,0.0
239,216,3.5
125,216,3.0
167,216,3.5
30,216,1.5
103,216,3.0
224,222,4.0
215,222,2.5
88,222,1.5
67,222,2.0
40,222,3.0
146,222,2.5
103,222,1.0
100,222,1.5
195,222,1.5
143,222,0.0
239,222,2.5
125,222,4.5
167,222,3.0
30,222,2.5
103,222,0.5
224,15,0.0
215,15,4.0
88,15,1.0
67,15,4.5
40,15,2.5
146,15,2.0
103,15,4.5
100,15,2.0
195,15,0.5
143,15,1.5
239,15,2.5
125,15,1.5
167,15,1.0
30,15,0.0
103,15,4.5
224,41,1.0
215,41,4.0
88,41,2.0
67,41,2.5
40,41,4.0
146,41,3.5
103,41,4.0
100,41,2.5
195,41,4.5
143,41,3.0
239,41,4.0
125,41,4.0
167,41,2.0
30,41,3.5
103,41,1.5
224,207,0.0
215,207,0.0
88,207,0.5
67,207,4.0
40,207,4.5
146,207,2.5
103,207,1.5
100,207,1.5
195,207,2.5
143,207,1.0
239,207,0.5
125,207,2.5
167,207,1.0
30,207,2.5
103,207,4.0
224,197,2.0
215,197,3.0
88,197,4.5
67,197,3.5
40,197,3.0
146,197,1.0
103,197,1.5
100,197,1.0
195,197,2.0
143,197,1.5
239,197,4.5
125,197,1.5
167,197,3.5
30,197,1.0
103,197,4.5
224,101,2.5
215,101,3.0
88,101,4.5
67,101,3.0
40,101,4.5
146,101,1.0
103,101,1.0
100,101,3.5
195,101,1.0
143,101,0.5
239,101,4.5
125,101,1.0
167,101,1.5
30,101,1.5
103,101,4.0
224,56,4.5
215,56,2.0
88,56,0.5
67,56,1.5
40,56,1.5
146,56,0.0
103,56,3.5
100,56,3.5
195,56,1.5
143,56,1.5
239,56,0.0
125,56,0.5
167,56,1.5
30,56,1.5
103,56,2.0
224,169,1.0
215,169,1.5
88,169,3.5
67,169,4.0
40,169,0.5
146,169,2.5
103,169,1.5
100,169,3.5
195,169,3.5
143,169,2.0
239,169,2.5
125,169,3.0
167,169,4.0
30,169,4.0
103,169,2.5
224,3,0.0
215,3,0.0
88,3,1.5
67,3,2.5
40,3,2.5
146,3,3.0
103,3,0.5
100,3,4.0
195,3,1.5
143,3,4.5
239,3,1.0
125,3,4.0
167,3,1.5
30,3,3.0
103,3,4.5
224,84,0.5
215,84,0.5
88,84,0.0
67,84,1.5
40,84,2.5
146,84,0.5
103,84,0.5
100,84,3.5
195,84,1.5
143,84,3.0
239,84,4.5
125,84,3.0
167,84,4.0
30,84,1.5
103,84,4.0
224,226,2.5
215,226,3.5
88,226,4.5
67,226,1.0
40,226,1.0
146,226,3.0
103,226,2.0
100,226,3.5
195,226,3.5
143,226,3.5
239,226,2.0
125,226,0.5
167,226,0.5
30,226,2.0
103,226,0.5
224,83,3.0
215,83,0.0
88,83,0.0
67,83,4.5
40,83,2.5
146,83,3.0
103,83,0.0
100,83,2.0
195,83,3.0
143,83,4.0
239,83,0.0
125,83,1.0
167,83,3.5
30,83,1.5
103,83,0.5
224,233,4.5
215,233,4.0
88,233,2.5
67,233,4.0
40,233,4.0
146,233,4.5
103,233,2.0
100,233,0.5
195,233,4.0
143,233,2.5
239,233,1.5
125,233,3.5
167,233,0.0
30,233,4.5
103,233,2.5
224,130,0.0
215,130,2.5
88,130,3.5
67,130,2.0
40,130,0.5
146,130,0.0
103,130,1.0
100,130,2.5
195,130,2.0
143,130,3.0
239,130,0.5
125,130,3.0
167,130,4.5
30,130,4.0
103,130,3.0
224,56,4.0
215,56,1.5
88,56,0.0
67,56,0.0
40,56,4.5
146,56,2.5
103,56,2.0
100,56,1.0
195,56,3.5
143,56,3.5
239,56,0.5
125,56,4.5
167,56,4.5
30,56,4.0
103,56,1.5
224,0,2.5
215,0,0.0
88,0,2.5
67,0,3.5
40,0,1.0
146,0,0.5
103,0,4.0
100,0,3.5
195,0,0.5
143,0,1.5
239,0,1.5
125,0,1.5
167,0,2.0
30,0,0.5
103,0,0.5
224,104,1.0
215,104,0.5
88,104,0.5
67,104,1.5
40,104,0.0
146,104,0.0
103,104,3.5
100,104,4.0
195,104,2.0
143,104,0.0
239,104,4.0
125,104,0.0
167,104,2.5
30,104,4.5
103,104,4.0
224,48,4.0
215,48,3.5
88,48,3.0
67,48,3.5
40,48,3.0
146,48,1.5
103,48,2.5
100,48,4.5
195,48,2.5
143,48,2.5
239,48,2.5
125,48,4.5
167,48,1.5
30,48,3.5
103,48,4.5
224,243,4.0
215,243,2.5
88,243,3.0
67,243,3.0
40,243,2.0
146,243,3.0
103,243,0.0
100,243,0.0
195,243,2.5
143,243,2.5
239,243,0.0
125,243,2.5
167,243,3.0
30,243,4.0
103,243,1.0
224,161,3.0
215,161,4.5
88,161,0.0
67,161,1.5
40,161,2.5
146,161,4.5
103,161,2.0
100,161,0.0
195,161,1.0
143,161,2.5
239,161,4.0
125,161,2.0
167,161,2.0
30,161,2.5
103,161,3.5
224,115,1.0
215,115,0.5
88,115,0.0
67,115,0.5
40,115,3.0
146,115,4.5
103,115,0.0
100,115,2.0
195,115,0.5
143,115,2.0
239,115,4.5
125,115,4.0
167,115,3.5
30,115,3.5
103,115,0.0
224,83,1.0
215,83,2.0
88,83,2.0
67,83,0.0
40,83,2.0
146,83,1.5
103,83,2.0
100,83,4.0
195,83,2.5
143,83,3.0
239,83,0.0
125,83,4.5
167,83,3.0
30,83,1.0
103,83,4.0
224,109,3.0
215,109,3.0
88,109,3.0
67,109,0.5
40,109,2.5
146,109,1.0
103,109,4.5
100,109,2.5
195,109,2.0
143,109,4.5
239,109,2.5
125,109,1.5
167,109,2.5
30,109,0.5
103,109,0.5
224,63,1.0
215,63,2.0
88,63,3.0
67,63,1.5
40,63,4.5
146,63,4.0
103,63,1.5
100,63,0.0
195,63,2.0
143,63,2.0
239,63,2.5
125,63,3.0
167,63,3.0
30,63,0.5
103,63,4.5
224,1,3.0
215,1,0.0
88,1,3.5
67,1,0.0
40,1,0.0
146,1,0.5
103,1,2.5
100,1,3.5
195,1,0.0
143,1,0.0
239,1,1.0
125,1,4.0
167,1,3.0
30,1,3.0
103,1,4.0
224,189,4.5
215,189,2.0
88,189,0.5
67,189,3.5
40,189,3.5
146,189,4.5
103,189,3.0
100,189,0.5
195,189,3.5
143,189,4.0
239,189,2.5
125,189,3.0
167,189,1.0
30,189,3.0
103,189,4.5
224,179,2.0
215,179,0.5
88,179,0.0
67,179,2.0
40,179,3.0
146,179,1.0
103,179,1.0
100,179,1.5
195,179,4.0
143,179,1.0
239,179,4.0
125,179,2.5
167,179,3.0
30,179,3.0
103,179,4.0
224,200,1.5
215,200,1.0
88,200,0.5
67,200,4.0
40,200,4.0
146,200,0.0
103,200,1.5
100,200,1.0
195,200,2.5
143,200,1.5
239,200,4.0
125,200,0.0
167,200,3.0
30,200,3.5
103,200,1.0
224,48,1.5
215,48,3.0
88,48,2.0
67,48,3.5
40,48,4.0
146,48,1.0
103,48,3.5
100,48,1.0
195,48,0.5
143,48,0.0
239,48,0.0
125,48,4.5
167,48,1.0
30,48,0.0
103,48,4.5
224,160,4.0
215,160,0.5
88,160,3.5
67,160,1.5
40,160,2.5
146,160,0.0
103,160,1.5
100,160,1.0
195,160,4.5
143,160,3.0
239,160,2.5
125,160,4.5
167,160,1.0
30,160,1.5
103,160,1.5
224,59,1.5
215,59,2.5
88,59,3.0
67,59,1.5
40,59,1.5
146,59,4.0
103,59,2.0
100,59,0.0
195,59,0.5
143,59,1.5
239,59,2.0
125,59,0.5
167,59,4.5
30,59,2.5
103,59,2.5
224,92,3.0
215,92,0.0
88,92,0.0
67,92,4.0
40,92,2.0
146,92,4.5
103,92,2.0
100,92,2.5
195,92,2.0
143,92,1.0
239,92,4.5
125,92,1.5
167,92,0.0
30,92,3.0
103,92,0.5
224,161,4.5
215,161,2.5
88,161,3.5
67,161,2.0
40,161,1.0
146,161,0.5
103,161,2.5
100,161,2.5
195,161,4.0
143,161,2.5
239,161,4.5
125,161,2.0
167,161,4.0
30,161,1.5
103,161,3.0
224,225,2.5
215,225,3.0
88,225,4.5
67,225,2.5
40,225,1.5
146,225,0.5
103,225,1.0
100,225,3.0
195,225,4.0
143,225,3.0
239,225,3.0
125,225,3.0
167,225,0.5
30,225,1.0
103,225,0.5
224,231,0.0
215,231,4.5
88,231,4.0
67,231,1.0
40,231,2.5
146,231,3.0
103,231,4.5
100,231,1.5
195,231,4.5
143,231,2.5
239,231,2.5
125,231,0.5
167,231,0.0
30,231,3.5
103,231,0.0
224,15,1.0
215,15,2.0
88,15,1.5
67,15,4.5
40,15,4.0
146,15,4.0
103,15,4.0
100,15,2.0
195,15,2.0
143,15,3.5
239,15,2.0
125,15,4.0
167,15,4.5
30,15,0.0
103,15,2.5
224,63,2.5
215,63,3.5
88,63,0.5
67,63,4.5
40,63,2.5
146,63,1.0
103,63,2.0
100,63,3.5
195,63,4.5
143,63,4.5
239,63,2.5
125,63,3.0
167,63,3.0
30,63,3.5
103,63,4.5
224,229,4.5
215,229,1.5
88,229,1.0
67,229,1.0
40,229,4.5
146,229,3.0
103,229,2.0
100,229,2.0
195,229,2.5
143,229,0.0
239,229,3.5
125,229,3.5
167,229,3.0
30,229,3.5
103,229,3.5
224,67,2.0
215,67,4.0
88,67,1.5
67,67,1.5
40,67,1.0
146,67,0.5
103,67,0.5
100,67,2.0
195,67,2.5
143,67,1.5
239,67,2.5
125,67,1.5
167,67,2.0
30,67,1.5
103,67,4.5
224,217,0.0
215,217,2.0
88,217,0.5
67,217,2.5
40,217,3.0
146,217,1.0
103,217,0.5
100,217,3.0
195,217,2.5
143,217,4.5
239,217,4.0
125,217,1.5
167,217,2.5
30,217,1.5
103,217,0.0
224,94,2.0
215,94,4.0
88,94,4.5
67,94,0.0
40,94,4.5
146,94,0.0
103,94,3.0
100,94,3.0
195,94,4.5
143,94,0.5
239,94,3.5
125,94,1.0
167,94,2.0
30,94,4.0
103,94,1.5
224,132,4.5
215,132,2.0
88,132,4.5
67,132,3.5
40,132,3.0
146,132,3.0
103,132,1.5
100,132,0.0
195,132,2.0
143,132,2.5
239,132,1.0
125,132,1.5
167,132,0.0
30,132,3.0
103,132,4.0
224,103,4.5
215,103,1.0
88,103,4.0
67,103,1.0
40,103,1.0
146,103,2.0
103,103,4.5
100,103,0.0
195,103,3.5
143,103,1.0
239,103,3.5
125,103,4.5
167,103,2.5
30,103,3.0
103,103,3.0
224,178,3.5
215,178,2.0
88,178,3.5
67,178,0.0
40,178,4.0
146,178,1.5
103,178,2.0
100,178,2.5
195,178,0.5
143,178,2.5
239,178,0.5
125,178,1.0
167,178,3.5
30,178,4.0
103,178,1.0
224,247,1.0
215,247,1.5
88,247,0.0
67,247,0.5
40,247,0.0
146,247,1.0
103,247,1.0
100,247,1.5
195,247,2.0
143,247,1.5
239,247,1.5
125,247,2.0
167,247,0.5
30,247,3.0
103,247,2.5
224,136,4.0
215,136,0.5
88,136,1.5
67,136,2.5
40,136,1.0
146,136,0.0
103,136,0.0
100,136,4.0
195,136,2.5
143,136,1.5
239,136,1.5
125,136,2.0
167,136,3.5
30,136,4.0
103,136,2.0
224,148,4.0
215,148,4.0
88,148,3.5
67,148,3.0
40,148,3.5
146,148,1.0
103,148,4.0
100,148,2.5
195,148,2.5
143,148,0.5
239,148,3.5
125,148,3.0
167,148,4.5
30,148,1.0
103,148,1.5
224,38,3.0
215,38,4.5
88,38,3.5
67,38,2.0
40,38,2.5
146,38,1.5
103,38,4.5
100,38,3.0
195,38,3.0
143,38,4.0
239,38,1.5
125,38,4.0
167,38,2.0
30,38,2.5
103,38,2.5
224,64,0.5
215,64,4.5
88,64,2.0
67,64,3.0
40,64,0.0
146,64,3.5
103,64,0.5
100,64,2.0
195,64,4.0
143,64,3.0
239,64,3.5
125,64,2.5
167,64,1.0
30,64,0.0
103,64,1.0
224,15,2.0
215,15,4.0
88,15,2.0
67,15,2.5
40,15,1.5
146,15,2.0
103,15,3.5
100,15,1.5
195,15,4.0
143,15,4.0
239,15,4.0
125,15,0.5
167,15,0.0
30,15,0.0
103,15,1.5
224,118,0.0
215,118,4.0
88,118,0.0
67,118,1.5
40,118,4.0
146,118,0.0
103,118,3.5
100,118,1.0
195,118,0.0
143,118,3.0
239,118,3.5
125,118,0.5
167,118,1.5
30,118,1.5
103,118,2.5
224,128,0.0
215,128,1.5
88,128,3.0
67,128,2.5
40,128,2.0
146,128,3.5
103,128,3.0
100,128,3.5
195,128,2.0
143,128,1.0
239,128,3.5
125,128,2.0
167,128,4.5
30,128,0.5
103,128,1.5
224,216,1.5
215,216,0.0
88,216,4.5
67,216,2.0
40,216,1.5
146,216,1.0
103,216,1.5
100,216,2.5
195,216,4.0
143,216,4.0
239,216,4.0
125,216,3.0
167,216,2.5
30,216,0.0
103,216,4.0
224,136,0.0
215,136,1.0
88,136,4.0
67,136,3.0
40,136,2.5
146,136,4.0
103,136,0.5
100,136,0.5
195,136,1.5
143,136,1.5
239,136,3.0
125,136,2.0
167,136,2.0
30,136,4.0
103,136,1.0
224,205,4.5
215,205,2.5
88,205,1.0
67,205,2.0
40,205,0.0
146,205,0.0
103,205,3.0
100,205,2.0
195,205,2.5
143,205,3.0
239,205,0.0
125,205,4.0
167,205,4.0
30,205,1.5
103,205,4.5
224,117,0.5
215,117,3.5
88,117,3.5
67,117,3.5
40,117,3.5
146,117,4.5
103,117,0.5
100,117,0.5
195,117,1.5
143,117,3.0
239,117,1.0
125,117,0.5
167,117,1.0
30,117,1.0
103,117,4.5
224,124,4.5
215,124,1.0
88,124,3.5
67,124,4.0
40,124,3.5
146,124,4.5
103,124,3.5
100,124,4.0
195,124,2.5
143,124,1.0
239,124,1.5
125,124,4.0
167,124,0.0
30,124,3.0
103,124,3.0
224,51,0.0
215,51,0.0
88,51,2.0
67,51,1.5
40,51,4.0
146,51,0.5
103,51,0.0
100,51,3.5
195,51,3.0
143,51,3.5
239,51,3.5
125,51,1.0
167,51,1.5
30,51,3.5
103,51,0.0
224,161,2.0
215,161,1.0
88,161,3.5
67,161,2.5
40,161,0.0
146,161,1.0
103,161,2.0
100,161,0.0
195,161,3.0
143,161,0.0
239,161,4.0
125,161,2.0
167,161,4.0
30,161,2.0
103,161,0.5
224,75,4.5
215,75,4.5
88,75,4.5
67,75,2.5
40,75,4.0
146,75,2.0
103,75,2.5
100,75,4.5
195,75,1.0
143,75,0.0
239,75,2.0
125,75,4.0
167,75,2.5
30,75,0.5
103,75,0.0
224,27,4.0
215,27,4.0
88,27,1.0
67,27,0.0
40,27,4.0
146,27,0.0
103,27,0.0
100,27,1.0
195,27,0.0
143,27,3.0
239,27,3.5
125,27,0.5
167,27,0.0
30,27,1.5
103,27,4.5
224,65,3.5
215,65,1.5
88,65,4.0
67,65,3.0
40,65,2.5
146,65,2.5
103,65,3.5
100,65,4.5
195,65,4.5
143,65,0.5
239,65,3.0
125,65,4.5
167,65,2.0
30,65,0.0
103,65,2.0
224,221,3.0
215,221,3.5
88,221,4.5
67,221,3.0
40,221,3.5
146,221,1.0
103,221,3.0
100,221,2.5
195,221,3.0
143,221,4.5
239,221,1.5
125,221,0.0
167,221,0.0
30,221,0.0
103,221,2.5
224,62,1.5
215,62,4.5
88,62,2.5
67,62,0.0
40,62,3.0
146,62,3.5
103,62,1.5
100,62,1.5
195,62,0.5
143,62,4.0
239,62,2.0
125,62,3.5
167,62,3.5
30,62,2.5
103,62,0.5
224,224,1.5
215,224,0.0
88,224,4.0
67,224,2.0
40,224,2.0
146,224,3.5
103,224,3.0
100,224,1.0
195,224,0.0
143,224,2.5
239,224,0.0
125,224,1.5
167,224,1.5
30,224,0.5
103,224,3.0
224,115,1.5
215,115,0.0
88,115,2.5
67,115,3.5
40,115,1.0
146,115,3.5
103,115,1.0
100,115,0.5
195,115,4.0
143,115,1.5
239,115,2.0
125,115,3.5
167,115,0.5
30,115,0.0
103,115,3.0
224,81,4.0
215,81,2.0
88,81,0.0
67,81,0.0
40,81,2.5
146,81,2.0
103,81,4.0
100,81,0.5
195,81,1.0
143,81,0.0
239,81,4.0
125,81,4.5
167,81,1.0
30,81,2.5
103,81,0.5
224,120,3.0
215,120,0.5
88,120,3.5
67,120,3.5
40,120,1.5
146,120,3.5
103,120,4.0
100,120,3.0
195,120,2.0
143,120,3.0
239,120,4.5
125,120,0.0
167,120,1.0
30,120,2.0
103,120,1.5
224,84,2.5
215,84,2.5
88,84,0.5
67,84,0.5
40,84,3.0
146,84,2.0
103,84,0.0
100,84,2.5
195,84,3.0
143,84,0.5
239,84,3.5
125,84,1.0
167,84,3.5
30,84,2.0
103,84,1.0
224,242,0.5
215,242,4.5
88,242,4.0
67,242,3.0
40,242,0.0
146,242,4.5
103,242,3.5
100,242,1.5
195,242,1.0
143,242,1.5
239,242,0.5
125,242,2.0
167,242,4.0
30,242,3.0
103,242,3.5
224,83,1.0
215,83,1.0
88,83,4.0
67,83,3.5
40,83,2.0
146,83,2.5
103,83,4.5
100,83,0.5
195,83,4.5
143,83,0.0
239,83,0.0
125,83,4.0
167,83,2.5
30,83,3.0
103,83,0.0
224,69,0.5
215,69,1.0
88,69,1.0
67,69,0.5
40,69,2.5
146,69,4.0
103,69,3.5
100,69,1.5
195,69,2.0
143,69,1.5
239,69,1.5
125,69,3.0
167,69,2.0
30,69,1.0
103,69,0.0
224,160,2.0
215,160,0.5
88,160,1.0
67,160,3.5
40,160,4.0
146,160,4.0
103,160,2.5
100,160,2.5
195,160,0.0
143,160,1.0
239,160,4.5
125,160,0.0
167,160,3.0
30,160,3.0
103,160,2.5
224,46,0.5
215,46,3.5
88,46,4.0
67,46,3.0
40,46,1.5
146,46,0.5
103,46,1.5
100,46,1.0
195,46,3.5
143,46,4.5
239,46,1.0
125,46,3.0
167,46,3.5
30,46,4.0
103,46,3.5
224,242,2.5
215,242,4.0
88,242,2.0
67,242,2.5
40,242,3.0
146,242,1.5
103,242,0.0
100,242,0.5
195,242,3.5
143,242,2.0
239,242,0.5
125,242,3.5
167,242,3.5
30,242,0.0
103,242,1.0
224,146,4.0
215,146,0.5
88,146,2.0
67,146,2.5
40,146,1.0
146,146,4.0
103,146,1.5
100,146,1.0
195,146,3.5
143,146,2.0
239,146,2.0
125,146,2.5
167,146,1.0
30,146,2.0
103,146,4.5
224,15,2.5
215,15,0.5
88,15,0.5
67,15,0.0
40,15,3.5
146,15,0.0
103,15,2.0
100,15,3.5
195,15,2.5
143,15,3.0
239,15,0.5
125,15,3.0
167,15,1.5
30,15,4.0
103,15,3.5
224,188,0.0
215,188,1.5
88,188,4.0
67,188,1.5
40,188,2.5
146,188,3.0
103,188,0.0
100,188,0.5
195,188,4.0
143,188,4.5
239,188,1.0
125,188,4.5
167,188,1.0
30,188,3.0
103,188,0.0
224,215,2.5
215,215,4.5
88,215,3.5
67,215,3.5
40,215,1.5
146,215,2.5
103,215,4.5
100,215,2.0
195,215,0.0
143,215,1.5
239,215,3.5
125,215,4.5
167,215,4.0
30,215,3.5
103,215,0.5
224,241,2.0
215,241,1.0
88,241,4.5
67,241,4.0
40,241,2.0
146,241,2.5
103,241,0.0
100,241,3.0
195,241,0.5
143,241,4.5
239,241,1.0
125,241,0.0
167,241,4.0
30,241,3.5
103,241,2.0
224,104,0.0
215,104,4.0
88,104,1.0
67,104,3.0
40,104,3.0
146,104,2.0
103,104,3.5
100,104,1.5
195,104,3.5
143,104,4.0
239,104,2.5
125,104,0.5
167,104,3.5
30,104,1.5
103,104,4.0
224,156,4.0
215,156,1.0
88,156,1.5
67,156,2.5
40,156,2.5
146,156,1.5
103,156,0.0
100,156,2.0
195,156,3.0
143,156,3.0
239,156,2.0
125,156,1.0
167,156,0.5
30,156,3.0
103,156,3.5
224,205,3.0
215,205,0.5
88,205,0.5
67,205,0.5
40,205,1.0
146,205,3.0
103,205,0.5
100,205,1.5
195,205,1.5
143,205,1.0
239,205,1.0
125,205,1.5
167,205,2.5
30,205,4.0
103,205,1.0
224,236,0.5
215,236,3.5
88,236,4.5
67,236,1.0
40,236,0.0
146,236,2.5
103,236,2.5
100,236,4.0
195,236,0.5
143,236,2.0
239,236,3.0
125,236,4.5
167,236,1.5
30,236,1.5
103,236,4.5
224,171,2.0
215,171,0.0
88,171,3.5
67,171,1.5
40,171,0.0
146,171,3.5
103,171,1.0
100,171,2.5
195,171,4.5
143,171,3.0
239,171,3.0
125,171,3.5
167,171,1.5
30,171,4.5
103,171,4.0
224,133,3.0
215,133,1.5
88,133,4.5
67,133,3.0
40,133,1.5
146,133,1.0
103,133,1.5
100,133,0.5
195,133,1.0
143,133,3.5
239,133,3.0
125,133,0.0
167,133,3.5
30,133,2.5
103,133,3.0
224,67,2.5
215,67,0.5
88,67,3.0
67,67,3.0
40,67,3.0
146,67,0.0
103,67,3.5
100,67,1.0
195,67,1.0
143,67,4.5
239,67,1.0
125,67,4.0
167,67,0.5
30,67,1.5
103,67,0.0
224,185,1.0
215,185,3.0
88,185,4.0
67,185,2.0
40,185,1.0
146,185,1.5
103,185,0.0
100,185,0.5
195,185,0.0
143,185,1.5
239,185,0.0
125,185,4.0
167,185,2.5
30,185,3.5
103,185,4.5
